{
  "results": {
    "jsquad-1.1-0.4": {
      "exact_match": 46.12787032868077,
      "f1": 55.818779192274825
    },
    "jcommonsenseqa-1.1-0.4": {
      "acc": 0.30294906166219837,
      "acc_stderr": 0.01374346251157146,
      "acc_norm": 0.3127792672028597,
      "acc_norm_stderr": 0.013865840615224723
    },
    "jnli-1.1-0.4": {
      "acc": 0.15940838126540674,
      "acc_stderr": 0.007421249781129207,
      "acc_norm": 0.19802793755135578,
      "acc_norm_stderr": 0.008079263961861658
    },
    "marc_ja-1.1-0.4": {
      "acc": 0.6955005231949773,
      "acc_stderr": 0.006077864798403687,
      "acc_norm": 0.6955005231949773,
      "acc_norm_stderr": 0.006077864798403687
    }
  },
  "versions": {
    "jsquad-1.1-0.4": 1.1,
    "jcommonsenseqa-1.1-0.4": 1.1,
    "jnli-1.1-0.4": 1.1,
    "marc_ja-1.1-0.4": 1.1
  },
  "config": {
    "model": "hf-causal",
    "model_args": "pretrained=mosaicml/mpt-7b,trust_remote_code=True,batch_size=1,load_in_8bit=True",
    "num_fewshot": [
      2,
      3,
      3,
      3
    ],
    "batch_size": null,
    "device": "cuda",
    "no_cache": false,
    "limit": null,
    "bootstrap_iters": 100000,
    "description_dict": {}
  }
}